feature,auc_drop
monthly_usage_gb,0.17826057382672256
avg_latency_ms,0.07735883924019227
tenure_months,0.05980610529352959
plan_type,0.041185319188681624
downtime_hours_30d,0.03341680981267636
contract_type,0.022006930801737323
autopay,0.019208686315910106
support_tickets_30d,0.016930121538837883
discount_pct,0.013995636696931713
payment_failures_90d,0.003361063629864325
is_promo_user,0.0031024276667042106
add_on_count,0.0016679912814198117
