{
  "metrics": {
    "roc_auc": 0.9345642987263433,
    "pr_auc": 0.8735861310218757,
    "accuracy": 0.8608333333333333
  }
}